,,Rocket Cow,Rocket Cow,Rocket Cow,Rocket Cow,Rocket Cow,Rocket Cow,Rocket Cow,Rocket Cow,Rocket Cow,Rocket Cow,Rocket Cow,Rocket Cow,Rocket Cow,Rocket Cow,Rocket Cow,Rocket Cow,Rocket Cow,Rocket Cow,Rocket Cow,Rocket Cow,Rocket Cow,Rocket Cow,Rocket Cow,Rocket Cow,CEA,CEA,CEA,CEA,CEA,CEA,CEA,CEA,CEA,CEA,CEA,CEA,CEA,CEA,CEA,CEA,CEA,CEA,CEA,CEA,CEA,CEA,CEA,CEA
,,of ratio,pressure,temperature,density,specific volume,enthalpy,internal energy,gibbs,entropy,molar mass,c_p,c_v,gamma,gamma_s,speed sound,velocity,mach,area ratio,I_sp,I_vac,c*,C_f,dlnV_dlnT_P,dlnV_dlnP_T,of ratio,pressure,temperature,density,specific volume,enthalpy,internal energy,gibbs,entropy,molar mass,c_p,c_v,gamma,gamma_s,speed sound,velocity,mach,area ratio,I_sp,I_vac,c*,C_f,dlnV_dlnP_T,dlnV_dlnT_P
0,chamber,1.0,2000000.0000000102,1176.6586066716827,2.6735395195311136,0.3740359896289771,-2983866.709038551,-3731938.688296509,-20429908.910362568,14826.766321518015,13.077998201729741,13824.513671421235,11777.489488697192,1.1738081944109195,0.658412467865556,701.8118822051271,0.0,0.0,,,,1344.2926440735198,,2.3958773187461113,-1.782785490402658,1.0,20.0,1180.4,2.6587,0.3761236694625193,-2984000.0,0,0,0,12.825,14608.0,11312.136033639636,1.291356465,1.1577,933.18,0.0,0.0,,0.0,0.0,1357.2,0.0,-1.11545,2.4017
0,throat,1.0,1451421.2966339374,1136.6765325357019,2.0329755695145146,0.49188982641773965,-3218157.834950323,-3932097.2046106015,-20071395.166014865,14826.766321521816,13.237615041732811,14759.832185351592,12595.75236126815,1.171810286675528,0.6563411003738533,684.5346970629336,684.5346970629336,1.0,,,,,,2.480208958565463,-1.7853678308551184,1.0,11.501,1116.2,1.6451,0.6078657832350617,-3385100.0,0,0,0,12.747,16175.0,12607.147572394202,1.283002353,1.1477,895.75,768.35,1.0,1.0,91.30988786952089,170.87665647298672,0.0,0.65998,-1.11789,2.5233
0,exit,1.0,101325.00000002972,892.1029643829488,0.199146693593912,5.021424066618651,-4819773.267925126,-5328569.06147541,-18046775.455565132,14826.766321518593,14.5782587885579,21147.83601533795,18351.824081127208,1.1523560776220674,0.6458591346886937,573.2455067033965,1916.1975675209353,3.342717117035157,3.6468192707235114,195.39777268699663,222.47365090394229,,1.425431862599806,2.9575336233973086,-1.7842220009437613,1.0,1.0132,900.93,0.1929,5.1840331778123385,-4856800.0,0,0,0,12.423,18829.0,15130.248145318572,1.2444607529999998,1.1239,768.35,1935.396815,2.5189,3.9469,197.28848114169216,224.954128440367,0.0,1.426,-1.10727,2.6506
1,chamber,1.5,2000000.0000000002,1668.337265511334,1.9279222908012201,0.5186931054074865,-2468217.1877976377,-3505603.3986126105,-27597322.72918892,15062.365422670926,13.371421061851821,2820.505657232368,2507.608621457413,1.1247790556698198,0.5625627965788887,763.9338242861405,0.0,0.0,,,,1607.7595090647135,,1.0030452386951143,-1.9993840021237361,1.5,20.0,1668.2,1.928,0.5186721991701245,-2468300.0,0,0,0,13.371,2820.9,2195.4660954830083,1.284875228,1.2844,1154.3,0.0,0.0,,0.0,0.0,1532.2,0.0,-1.00037,1.0031
1,throat,1.5,1522053.9619731344,1570.365503991913,1.5589157393995714,0.6414714886291146,-2743102.3462489094,-3719456.5670096576,-26396521.414512087,15062.365422658304,13.372959323722366,2815.4019501800863,2501.196371568835,1.1256221151537058,0.5630934494255191,741.4706103611488,741.4706103611488,1.0,,,,,,1.0051009559117663,-1.9989969982817088,1.5,10.964,1460.0,1.2081,0.8277460475126232,-3052000.0,0,0,0,13.376,2838.7,2203.994749217568,1.287979475,1.2865,1080.5,823.47,1.0,1.0,110.1427115188583,195.75942915392457,0.0,0.70521,-1.00115,1.011
1,exit,1.5,101325.00003274844,979.4840782845788,0.17362406093801416,5.759570387868141,-4765651.996268853,-5349240.466008209,-19518999.109984417,15062.36542359511,13.954840056402507,10472.808222306106,9378.560259345975,1.1166754739214566,0.5877970644366648,585.6889868794522,2143.5646985669523,3.6599026899717777,3.10577562674467,218.5827676695867,246.3446833470424,,1.3332620248745624,1.8678973023030299,-1.8997636114288192,1.5,1.0132,980.07,0.17356,5.7616962433740495,-4765900.0,0,0,0,13.958,10494.0,8526.195859296124,1.23079509,1.1615,823.47,2143.6571040000003,2.6032,3.5085,218.52191641182463,246.27930682976555,0.0,1.3991,-1.05966,1.8712
2,chamber,2.0,2000000.0000000019,2540.581632806888,1.5152554399517277,0.6599547334618759,-2124450.8404112323,-3444360.3073349856,-38916746.850081615,14481.839723064313,16.003802945342336,3014.3483114678734,2740.2859624510033,1.1000123172443432,0.5495376527350908,851.6689205765961,0.0,0.0,,,,1828.3594687668076,,1.027588510781549,-2.001705091124326,2.0,20.0,2540.6,1.5152,0.6599788806758183,-2124500.0,0,0,0,16.004,3012.3,2464.4736828670593,1.2222893760000002,1.2208,1269.4,0.0,0.0,,0.0,0.0,1757.0,0.0,-1.00122,1.0274
2,throat,2.0,1528794.462825077,2420.853249535684,1.2165631914755761,0.8219877167145708,-2470531.7767168223,-3727182.046540286,-37528940.53090988,14481.839723625215,16.01725979824671,2903.2832742972723,2634.007778849898,1.1022303341734814,0.5507793801332385,831.9477487544721,831.9477487544721,1.0,,,,,,1.0188793896214972,-2.0012193156302294,2.0,11.156,2283.8,0.94169,1.0619205895783113,-2855100.0,0,0,0,16.028,2798.1,2267.747884379899,1.233867318,1.2333,1208.8,960.6,1.0,1.0,123.22120285423037,223.1294597349643,0.0,0.68799,-1.00046,1.0114
2,exit,2.0,101325.00000001071,1418.248059267627,0.13785283544986987,7.25411266831468,-5121451.634595221,-5856474.6007122835,-25660292.716456488,14481.83972306465,16.042995954729165,2547.1674681464033,2287.99895772929,1.1132730019572752,0.556637859414388,639.6417829377752,2448.265015958848,3.827556424963903,2.998862771940008,249.65355304399037,280.2676749047757,,1.3390501472941503,1.0000719092445196,-1.999995119139931,2.0,1.0132,1418.1,0.13786,7.253735673872043,-5121400.0,0,0,0,16.042,2547.2000000000003,2028.8331342094782,1.2555,1.2555,960.6,2448.18516,2.5486,3.3726,249.56167176350658,280.1630988786952,0.0,1.3934,-1.0,1.0001
3,chamber,2.5,2000000.0000000028,3088.611382476122,1.4283253125928745,0.7001206176096362,-1878903.4500469079,-3279144.685266182,-44402071.12185836,13767.730026857855,18.339799768558358,4469.342589686863,4135.968419760581,1.0806036545959845,0.5413956916362359,870.6805223496827,0.0,0.0,,,,1895.5425830959591,,1.211496027262239,-1.9959590947798727,2.5,20.0,3089.4,1.428,0.700280112044818,-1878900.0,0,0,0,18.341,4459.8,3802.426813355184,1.172882535,1.1605,1274.9,0.0,0.0,,0.0,0.0,1844.4,0.0,-1.01067,1.2105
3,throat,2.5,1533796.091070583,2987.857461748336,1.1366772988165066,0.8797571668240289,-2243758.3708043154,-3593126.474370342,-43379773.262827285,13767.730026837475,18.410416778360723,4175.147743993113,3862.9471458824287,1.0808192776966838,0.5407613400812212,854.2166610100863,854.2166610100863,1.0,,,,,,1.1754531016482974,-1.998699236773004,2.5,11.407,2875.6,0.88171,1.1341597577434757,-2635200.0,0,0,0,18.481,3854.4,3275.6560144079235,1.17668033,1.169,1229.8,1030.6,1.0,1.0,125.36187563710499,232.5993883792049,0.0,0.66677,-1.00657,1.138
3,exit,2.5,101325.0000425939,1957.7382976687584,0.11646752257837083,8.586084582739376,-5240435.948976833,-6110420.969688616,-32194048.294770174,13767.730026985346,18.710140409976606,2479.0236811445016,2254.5835451302355,1.099548378457318,0.5496648135372536,691.5201762709064,2592.8873862664864,3.749546976704133,3.2152646954762067,264.40093062019,298.6152137006524,,1.3678866459605277,1.0051477278002492,-2.0003979723231744,2.5,1.0132,1957.5,0.11648,8.585164835164836,-5240600.0,0,0,0,18.71,2478.5,2029.6944469563005,1.2211197620000003,1.2209,1030.6,2592.9896,2.516,3.5903,264.322120285423,298.5117227319062,0.0,1.4058,-1.00018,1.0051
4,chamber,3.0,1999999.9999999946,3325.7889155010794,1.4590416390962924,0.6853813991349722,-1694742.906304035,-3065505.704573976,-45321898.793746255,13117.836698565443,20.172817389487296,7103.951232809362,6546.575918318905,1.085139975682675,0.5742266208490556,887.2026203952195,0.0,0.0,,,,1872.5924472958072,,1.598605384789217,-1.8897416739025075,3.0,20.0,3327.3,1.4586,0.6855889208830386,-1694800.0,0,0,0,20.175,7087.799999999999,6069.341089046642,1.1678038679999998,1.1319,1245.8,0.0,0.0,,0.0,0.0,1844.5,0.0,-1.03172,1.5968
4,throat,3.0,1511640.1845480292,3240.436213544489,1.139229976599331,0.8777858909445653,-2072312.5037886985,-3399208.929969797,-44579825.5851371,13117.836698551264,20.30488984100142,6837.949030329219,6318.040194947632,1.0822895738772513,0.5690907173250932,868.9789634919272,868.9789634919272,1.0,,,,,,1.5539169780113353,-1.9017874320009214,3.0,11.565,3161.7,0.8988,1.1125945705384956,-2422400.0,0,0,0,20.43,6533.599999999999,5632.913714195583,1.1598970499999999,1.131,1206.4,1052.7,1.0,1.0,122.97655453618756,231.70234454638123,0.0,0.65402,-1.02555,1.5066
4,exit,3.0,101325.00000000095,2435.9883221728405,0.10628366741208675,9.40878334695363,-5141314.3919656435,-6094659.364595729,-37096211.40184147,13117.836698565474,21.2451257671055,3257.734078275886,3024.1165411286306,1.0772514993949496,0.5393137713462298,717.0439823212378,2625.4795697782943,3.661532115894771,3.5476885982011748,267.72440841452425,304.75159904065356,,1.402056049926787,1.0919508226197518,-1.997448529278095,3.0,1.0132,2436.0,0.10628,9.40910801656003,-5142000.0,0,0,0,21.245,3250.9,2786.4141631505963,1.166696625,1.1625,1052.7,2625.6443400000003,2.4942,3.8853,267.6554536187563,304.66870540265035,0.0,1.4235,-1.00361,1.0913
5,chamber,3.5,1999999.999999996,3389.6912937715733,1.5311463282593565,0.6531054423366732,-1551506.92602791,-2857717.810701254,-44134655.791091755,12562.544838023668,21.576501834304757,8584.341774259765,7795.645710734467,1.101171358062011,0.6439225483280223,917.114301225676,0.0,0.0,,,,1818.1443917166737,,1.8708496978848885,-1.7100990808929715,3.5,20.0,3391.4,1.5306,0.6533385600418137,-1551500.0,0,0,0,21.58,8568.8,7282.589528647974,1.17661444,1.124,1211.9,0.0,0.0,,0.0,0.0,1806.1,0.0,-1.04681,1.8692
5,throat,3.5,1460547.0542337159,3302.009384466416,1.157273000810134,0.8641003456401065,-1955099.5550707357,-3217158.7694577286,-43436740.502954155,12562.544838008263,21.75368103094304,8526.10764060879,7766.551320126552,1.0977984035866593,0.6395861360686109,898.4406360019362,898.4406360019362,1.0,,,,,,1.8468901004476606,-1.7164199498359578,3.5,11.61,3241.7,0.9427,1.0607828577490188,-2241500.0,0,0,0,21.885,8450.900000000001,7235.948377169321,1.16790496,1.1204,1174.7,1032.2,1.0,1.0,119.74515800203874,226.6156982670744,0.0,0.65041,-1.0424,1.8259
5,exit,3.5,101325.00000000189,2664.562673834756,0.10587617061411536,9.44499592495349,-4891926.1796491025,-5848940.391745033,-38365614.24083867,12562.54483705398,23.149506522798415,6696.646737500694,6244.483681991424,1.072409998734286,0.5893814761242082,751.0302583764155,2584.7318056700556,3.441581450070672,3.7993691820502593,263.5692928441472,301.32496660433117,,1.4216317567767969,1.5135037451043916,-1.8195515844618821,3.5,1.0132,2665.4,0.10586,9.446438692612885,-4892900.0,0,0,0,23.152,6680.5,5876.719453954986,1.1367736800000001,1.113,1032.2,2585.24812,2.5046,4.0467,263.5168195718654,301.26401630988784,0.0,1.4313,-1.02136,1.5118
6,chamber,4.0,2000000.0000000007,3387.846141041643,1.612341452003289,0.620216021090029,-1436918.1439721866,-2677350.186152245,-42409370.13828234,12093.952998028586,22.708313827688617,8582.938638038762,7720.120418103088,1.1117622748360805,0.7065842056208194,936.1995989907319,0.0,0.0,,,,1765.570326524744,,1.9255686598208857,-1.5734321061695165,4.0,20.0,3389.6,1.6118,0.6204243702692642,-1436900.0,0,0,0,22.712,8568.699999999999,7277.435199024523,1.17743405,1.1219,1179.9,0.0,0.0,,0.0,0.0,1761.3,0.0,-1.0495,1.924
6,throat,4.0,1415042.1614220687,3293.790264940287,1.1840444649467383,0.8445628771593328,-1858176.554602888,-3053268.6337552713,-41693121.20407319,12093.952998003795,22.91546945010849,8583.812167630118,7744.072705147058,1.1084364125255348,0.704972992228022,917.8821487686008,917.8821487686008,1.0,,,,,,1.9076061793285268,-1.5723104640113836,4.0,11.62,3243.7,0.9925,1.0075566750629723,-2091500.0,0,0,0,23.036,8560.4,7321.325077323991,1.169241894,1.1181,1144.1,1007.0,1.0,1.0,116.62589194699285,220.93781855249745,0.0,0.64961,-1.04574,1.8948
6,exit,4.0,101325.00000000064,2692.2991564270974,0.11054039842987304,9.046466397842787,-4619225.373359977,-5535858.581121403,-37179764.82782102,12093.952998028477,24.42091395277575,7826.095703225075,7200.8100558072265,1.0868354591458187,0.6948742273172019,798.088210648741,2522.8187526605197,3.161077583904916,3.897156617882659,257.2559184492686,294.3059737623014,,1.4288973453843121,1.6948524356682113,-1.5640750749123569,4.0,1.0132,2693.3,0.11051,9.04895484571532,-4620200.0,0,0,0,24.424,7813.1,6864.594655749948,1.1381735400000002,1.106,1007.0,2523.1391999999996,2.5056,4.0722,257.2069317023445,294.2507645259939,0.0,1.4326,-1.02909,1.6935
7,chamber,1.0,2499999.999999997,1193.711350647819,3.3139082104662885,0.30175850883307764,-2983866.7110763136,-3738262.983159007,-20513901.10561158,14685.321024234074,13.15630626650097,13553.933335275291,11531.926988595422,1.1753398498515943,0.6588748208206112,705.0196512128024,0.0,0.0,,,,1349.3274001413479,,2.389029030437855,-1.7838591075429768,1.0,25.0,1196.7,3.3003,0.30300275732509163,-2984000.0,0,0,0,12.973,14321.0,11064.383938316323,1.294333248,1.1588,936.9,0.0,0.0,,0.0,0.0,1361.5,0.0,-1.11696,2.3972
7,throat,1.0,1813968.7622039202,1152.6824411308944,2.5203105301487354,0.39677650354497596,-3220225.5549009037,-3939965.737907983,-20147737.24190798,14685.321024235891,13.315826035087687,14453.105592612987,12319.128799110058,1.1732246515400577,0.6567970816837679,687.5487268329357,687.5487268329357,1.0,,,,,,2.470795448083508,-1.786281766862261,1.0,14.371,1130.9,2.0423,0.4896440287910689,-3388100.0,0,0,0,12.887,15859.0,12332.79716344079,1.285920768,1.1488,899.09,760.64,1.0,1.0,91.65035677879715,171.4271151885831,0.0,0.66037,-1.11936,2.5186
7,exit,1.0,101325.00001095865,886.1274248892739,0.20313978590574258,4.922718587800436,-4945534.673796678,-5444329.134759503,-17958600.376773294,14685.321024346655,14.770960637655044,20933.77902897431,18187.290120484544,1.1510114420727453,0.6456855454462604,567.507157304959,1980.7412565604648,3.4902489441134605,4.30660259980984,201.979397302898,227.65810708125633,,1.467947109317556,2.9492085953268132,-1.782619186987116,1.0,1.0133,894.11,0.19682,5.08078447312265,-4984000.0,0,0,0,12.518,18466.0,14845.393212726101,1.2438875639999998,1.1239,760.64,2000.0268159999998,2.6294,4.6646,203.8735983690112,230.11213047910294,0.0,1.469,-1.10676,2.638
8,chamber,1.5,2499999.9999999893,1668.6472903768363,2.409694001444347,0.4149904508209797,-2468217.187168265,-3505693.3142207097,-27370474.02976124,14923.61926106578,13.372746762027008,2828.5547352582566,2514.640667420221,1.1248345626097271,0.5626881954253086,764.052072654723,0.0,0.0,,,,1607.8002254427145,,1.004636681500922,-1.9990370719604658,1.5,25.0,1668.5,2.4098,0.41497219686281017,-2468300.0,0,0,0,13.372,2829.2000000000003,2201.828589537012,1.284931994,1.2842,1154.2,0.0,0.0,,0.0,0.0,1532.5,0.0,-1.00057,1.0048
8,throat,1.5,1902395.931749991,1570.8156182829318,1.9482195073345774,0.5132891833980928,-2743221.4512754343,-3719700.7055832413,-26185475.667845976,14923.61926105332,13.37507958372638,2830.5706362753235,2514.601262409012,1.1256538675096384,0.5632652093258924,741.6311695041397,741.6311695041397,1.0,,,,,,1.0078584930224672,-1.9984438038642658,1.5,13.712,1461.1,1.5102,0.6621639517944643,-3051700.0,0,0,0,13.381,2873.6000000000004,2232.13968935866,1.287374627,1.2851,1080.2,811.31,1.0,1.0,110.11213047910296,195.7900101936799,0.0,0.70482,-1.00177,1.0169
8,exit,1.5,101325.00000018858,967.4058576712384,0.17787207733789598,5.622017884798988,-4900694.294509156,-5470345.2566874735,-19337890.98520983,14923.619260952406,14.119979380763592,11890.570451253716,10602.976321188375,1.1214370466424872,0.5958800081310154,582.6179022092066,2205.664121003418,3.7857815776683905,3.6828048459071385,224.91514645708966,251.25108384389208,,1.3718521033271278,2.028604921359654,-1.8819846803719553,1.5,1.0133,968.0,0.17781,5.623980653506552,-4901100.0,0,0,0,14.124,11906.0,9635.092308129473,1.235691327,1.1551,811.31,2205.7896279999995,2.7188,4.1592,224.8521916411825,251.18246687054025,0.0,1.4393,-1.06977,2.0314
9,chamber,2.0,2500000.000000003,2543.1598205547766,1.892592623324217,0.528375725275503,-2124450.840237364,-3445390.1534261233,-38659290.63315628,14365.923642560945,16.007553904159128,2982.9471735583447,2710.3430627124512,1.1005791903601596,0.5498656205856588,852.2553110438977,0.0,0.0,,,,1828.7269025068144,,1.024929419468451,-2.0015421025739686,2.0,25.0,2543.1,1.8926,0.5283736658564937,-2124500.0,0,0,0,16.007,2981.0,2436.1650192642137,1.22364453,1.2223,1270.7,0.0,0.0,,0.0,0.0,1757.1,0.0,-1.0011,1.0248
9,throat,2.0,1910810.6168496406,2422.472051534148,1.519784212749738,0.6579881483244947,-2470876.9268288817,-3728167.666408562,-37271925.446741246,14365.923643111966,16.019805667808466,2880.3131046273697,2612.052793932511,1.1027009527977365,0.5510476942668077,832.3623988794737,832.3623988794737,1.0,,,,,,1.0170071845745723,-2.00109893257956,2.0,13.941,2284.5,1.1765,0.8499787505312366,-2855800.0,0,0,0,16.029,2783.1,2253.8536731205804,1.234818406,1.2343,1209.4,938.79,1.0,1.0,123.28236493374108,223.16004077471965,0.0,0.68831,-1.00042,1.0103
9,exit,2.0,101325.00000002567,1355.2006786687043,0.1442666424223527,6.931609297958262,-5282166.467759237,-5984511.779875035,-24750875.937771462,14365.923642495161,16.043056297966825,2551.9060684155534,2292.7194837216134,1.1130476652439052,0.5565284892051214,625.2001083270101,2513.0521791327265,4.019596519036875,3.4892087391628044,256.26000511211544,284.7589319477893,,1.37420856864294,1.0001056980379686,-1.999983265607209,2.0,1.0133,1355.1,0.14427,6.931447979482914,-5282100.0,0,0,0,16.043,2552.0,2033.6078414656126,1.254912549,1.2549,938.79,2513.046951,2.6769,3.9244,256.1671763506626,284.6585117227319,0.0,1.4302,-1.00001,1.0001
10,chamber,2.5,2499999.9999999944,3103.1186355076447,1.7794677233733354,0.5619657984603963,-1878903.4479423591,-3283817.9440933466,-44288094.44478111,13666.635400776728,18.364650635543136,4322.267292206239,3997.8033261133182,1.0811605623452134,0.541566727337077,872.269995969659,0.0,0.0,,,,1898.3427170299115,,1.1961250608470237,-1.9963570651050861,2.5,25.0,3103.8,1.7791,0.5620819515485358,-1878900.0,0,0,0,18.366,4313.3,3672.9360695626447,1.1743466040000001,1.1628,1278.2,0.0,0.0,,0.0,0.0,1846.1,0.0,-1.00993,1.1952
10,throat,2.5,1917109.9770123402,2999.9295949378634,1.416691883584651,0.7058697883337224,-2244987.506410194,-3598217.5200963626,-43243931.508318916,13666.635400741105,18.432049409145773,4044.437279356397,3739.7340647561095,1.0814772412487461,0.5410345556553591,855.6542521101566,855.6542521101566,1.0,,,,,,1.16199545294242,-1.9989060401858156,2.5,14.247,2884.8,1.0988,0.9100837277029487,-2638500.0,0,0,0,18.499,3742.4,3175.326195000825,1.178587575,1.1715,1232.5,1010.8,1.0,1.0,125.63710499490315,232.87461773700304,0.0,0.66761,-1.00605,1.1267
10,exit,2.5,101325.0000269522,1878.871288986185,0.12137596288682959,8.2388635790465,-5434349.288234726,-6269152.140603667,-31112198.16007791,13666.635400926602,18.713166889962846,2440.621354987936,2217.1938533121456,1.1007703955799912,0.5503218233013032,677.7980730370992,2666.6255231255723,3.9342477194968577,3.7452343581169556,271.9201279871896,303.8429456303893,,1.4047123837036615,1.0029167170408009,-2.000230317919476,2.5,1.0133,1878.7,0.12139,8.237910865804432,-5434500.0,0,0,0,18.713,2440.3,1993.5097993468628,1.2241224,1.224,1010.8,2666.59148,2.6381,4.1836,271.83486238532106,303.7410805300713,0.0,1.4445,-1.0001,1.0029
11,chamber,3.0,2500000.0000000065,3351.489580775139,1.8142611407515106,0.5511885679179437,-1694742.9057882642,-3072714.3255831273,-45351173.359815545,13025.978270811254,20.2223605179223,6849.352221910762,6313.5093771717975,1.084872423992344,0.573084485043933,888.647309970832,0.0,0.0,,,,1877.680250717728,,1.5707156077273399,-1.8930409953589602,3.0,25.0,3353.0,1.8137,0.5513591001819484,-1694800.0,0,0,0,20.225,6833.700000000001,5851.841119231334,1.167786319,1.1333,1249.9,0.0,0.0,,0.0,0.0,1848.5,0.0,-1.03043,1.5689
11,throat,3.0,1890662.7149865374,3264.2182060035684,1.4177793709746234,0.7053283610076584,-2073453.1260703627,-3406991.1600501067,-44593088.54848323,13025.978270757303,20.352040631579133,6587.616905810525,6087.890502794169,1.082085313917357,0.5679666464580075,870.290253354408,870.290253354408,1.0,,,,,,1.5265898517047551,-1.9051916528294952,3.0,14.448,3183.1,1.1178,0.8946144211844695,-2426800.0,0,0,0,20.475,6287.3,5419.409565580861,1.1601448319999998,1.1326,1210.0,1040.1,1.0,1.0,123.34352701325177,232.23241590214064,0.0,0.65457,-1.02432,1.4797
11,exit,3.0,101325.00000489653,2364.869483533582,0.1097265986576636,9.113560542598277,-5361849.941661643,-6285281.463685038,-36166588.44570469,13025.978270062787,21.292990816002458,2960.657521050227,2740.4381821455604,1.080359170420057,0.5402879638598643,706.3419404212351,2708.175413769713,3.8340855310880473,4.152255458697107,276.1570377009186,310.9272409066961,,1.4422985024923891,1.0619410354798602,-1.9995988115335326,3.0,1.0133,2364.8,0.10973,9.113278046113187,-5362500.0,0,0,0,21.293,2955.7000000000003,2516.824473897171,1.174376692,1.1716,1040.1,2708.3163899999995,2.6039,4.5507,276.085626911315,310.83588175331295,0.0,1.4652,-1.00237,1.0615
12,chamber,3.5,2499999.9999999963,3419.326789055724,1.9028051643255213,0.5255398811966465,-1551506.9259380135,-2865356.628929628,-44213353.829801366,12476.680216822675,21.63859739977824,8329.850875513825,7566.516958174333,1.100883130449452,0.6432936489925909,919.3427922517843,0.0,0.0,,,,1823.6280799184817,,1.843829322258801,-1.7113228650297638,3.5,25.0,3421.1,1.9021,0.5257347142631829,-1551500.0,0,0,0,21.642,8314.8,7067.928978993337,1.1764125,1.125,1216.0,0.0,0.0,,0.0,0.0,1810.7,0.0,-1.0457,1.8422
12,throat,3.5,1826396.1833682635,3329.86878416648,1.4390521353609518,0.6949018561785282,-1956912.548103331,-3226078.6460433165,-43502620.5320945,12476.680216812429,21.814378412916565,8272.410408730266,7537.410847154319,1.0975135330261903,0.638861956969284,900.4565159123507,900.4565159123507,1.0,,,,,,1.8201169624200437,-1.7179196868016948,3.5,14.507,3268.0,1.1717,0.8534607834769993,-2245800.0,0,0,0,21.945,8198.0,7019.862361461062,1.167829165,1.1215,1178.4,1022.9,1.0,1.0,120.1223241590214,227.22731906218144,0.0,0.65077,-1.04131,1.7993
12,exit,3.5,101325.00004134641,2629.182906076683,0.1079916363667636,9.259976361537646,-5119216.869480931,-6057483.9746966,-37922691.2197433,12476.680216673225,23.298528603789556,6155.0319998933,5748.941144298543,1.070637504438099,0.581680372360721,738.7635339780016,2671.2206736033313,3.6157993061997464,4.491996240781948,272.388702931514,308.20626710195165,,1.4647836930229425,1.4472307487693299,-1.8405941738982348,3.5,1.0133,2629.9,0.10797,9.261831990367694,-5120200.0,0,0,0,23.301,6139.1,5406.971700394001,1.1354045,1.115,1022.9,2671.5079299999998,2.6117,4.7863,272.33435270132514,308.144750254842,0.0,1.4754,-1.0183,1.4455
13,chamber,4.0,2499999.999999996,3417.7855022813924,2.0036058638561878,0.4991001563927229,-1436918.1449673949,-2684668.5359492,-42492621.0245381,12012.36966221718,22.774627041570778,8343.541091717407,7505.505899985552,1.1116560566201763,0.7070015039902761,939.2344771294287,0.0,0.0,,,,1770.83288158779,,1.899829919655186,-1.5723531708858511,4.0,25.0,3419.6,2.0029,0.4992760497278946,-1436900.0,0,0,0,22.778,8329.800000000001,7075.044885931108,1.177349421,1.1229,1183.9,0.0,0.0,,0.0,0.0,1765.9,0.0,-1.04849,1.8983
13,throat,4.0,1768539.2093214926,3321.737165053631,1.4715669446111295,0.6795477457970871,-1860785.3377858107,-3062592.1708339932,-41762720.08508843,12012.369662203057,22.980780876506675,8345.582051371963,7529.828237934768,1.1083363109569329,0.7053755220982956,920.7198935195553,920.7198935195553,1.0,,,,,,1.8822202571773445,-1.571271296259248,4.0,14.52,3270.6,1.2335,0.8107012565869477,-2095600.0,0,0,0,23.101,8323.4,7118.871878666568,1.169202107,1.1191,1147.7,998.18,1.0,1.0,116.99286442405709,221.54943934760448,0.0,0.64994,-1.04477,1.8697
13,exit,4.0,101325.00000000051,2663.7438714696523,0.11252854532133905,8.886634028231482,-4837714.045411967,-5738152.238322526,-36835590.1149709,12012.369662217157,24.596467606599113,7478.745391703038,6890.470555067832,1.0853751325012977,0.6946094415573351,790.8557835247204,2607.9861581091923,3.2976760269562755,4.6167840820251875,265.9405768645962,301.1474901083818,,1.4727455002816423,1.6490317073548668,-1.5625689309201647,4.0,1.0133,2664.7,0.1125,8.88888888888889,-4838700.0,0,0,0,24.6,7466.2,6572.463128287744,1.135982029,1.1063,998.18,2608.344158,2.6131,4.8243,265.8919469928644,301.0907237512742,0.0,1.4771,-1.02683,1.6477
14,chamber,1.0,3000000.000000003,1207.9408522981112,3.949633161853561,0.2531880706436798,-2983866.7077488066,-3743430.9196798466,-20584031.065384828,14570.385896090569,13.222554332621236,13329.885234943204,11329.735514135722,1.1765398422859883,0.6592481326530769,707.6307570658896,0.0,0.0,,,,1353.4424374358387,,2.382597631564315,-1.7846692072545183,1.0,30.0,1210.3,3.9381,0.2539295599400726,-2984000.0,0,0,0,13.098,14083.0,10861.170795064294,1.2966373759999998,1.1597,939.9,0.0,0.0,,0.0,0.0,1365.0,0.0,-1.11808,2.3922
14,throat,1.0,2176460.897847135,1166.0317970156095,3.004159543184804,0.3328718017884858,-3221917.0220673042,-3946399.4826558656,-20211450.271697097,14570.385896090926,13.381866801838493,14200.14193408289,12092.115854602233,1.174330622103521,0.657167384781308,690.0045245829275,690.0045245829275,1.0,,,,,,2.462274349189909,-1.7869581621040345,1.0,17.24,1143.1,2.4372,0.41030690956835714,-3390600.0,0,0,0,13.006,15595.0,12106.322611172893,1.288169868,1.1497,901.79,754.39,1.0,1.0,91.9255861365953,171.88583078491334,0.0,0.66067,-1.12044,2.5133
14,exit,1.0,101325.00001759197,881.2507323051962,0.2064668230356323,4.843393167469908,-5047101.827514573,-5537858.640293665,-17887265.067962904,14570.385895579042,14.930258898453472,20713.73084824088,18015.444093535778,1.149776310852825,0.6455671315060173,562.8645200159935,2031.3715168652761,3.608988388196072,4.942370490361974,207.14224703290893,231.77745897609776,,1.5008924359678026,2.9376266575409513,-1.7810329162368577,1.0,1.0132,888.51,0.2001,4.997501249375312,-5086600.0,0,0,0,12.598,18145.0,14594.979834322683,1.2432357019999998,1.1239,754.39,2050.6583370000003,2.7183,5.3561,209.0417940876656,234.20998980632007,0.0,1.5024,-1.10618,2.625
15,chamber,1.5,2999999.999999991,1669.0174656842537,2.8913371500111755,0.34586073782372106,-2468217.187821553,-3505799.401292713,-27186812.808935095,14810.267794878684,13.374345808272956,2838.419925511127,2523.270087007318,1.1248973861841272,0.5628376040891153,764.1925719840443,0.0,0.0,,,,1607.8496504666714,,1.0065668584553762,-1.9986180347786777,1.5,30.0,1668.9,2.8915,0.34584125886218225,-2468300.0,0,0,0,13.374,2839.4,2209.753055084187,1.284939959,1.2839,1154.1,0.0,0.0,,0.0,0.0,1533.0,0.0,-1.00081,1.0067
15,throat,1.5,2282627.360729797,1571.3554308472992,2.337252190316982,0.42785284538095925,-2743364.4723352715,-3719993.083567944,-26015559.20410174,14810.26779486659,13.377629775889638,2848.8072534174507,2530.7143550802443,1.1256929284408,0.5634718494792156,741.823921038943,741.823921038943,1.0,,,,,,1.0111680470179034,-1.9977802431145633,1.5,16.464,1462.4,1.8124,0.5517545795630103,-3051200.0,0,0,0,13.386,2914.4,2265.0262319360827,1.2866959150000001,1.2835,1079.8,802.18,1.0,1.0,110.07135575942914,195.82059123343527,0.0,0.70437,-1.00249,1.0237
15,exit,1.5,101324.99999887246,958.6053181416743,0.18129771202875297,5.515789409639128,-5009844.798475505,-5568732.16040097,-19207046.26968789,14810.267794815378,14.260991795901054,12909.341853646429,11473.116934885074,1.12518175548219,0.6020877007192216,580.0855167151951,2254.607553723686,3.886681340521439,4.241731046843888,229.90598764345484,255.1834024755373,,1.4022502371843637,2.145608417114241,-1.8688004324587737,1.5,1.0132,959.2,0.18123,5.517850245544336,-5010300.0,0,0,0,14.265,12921.0,10423.490250491128,1.23960398,1.151,802.18,2254.767544,2.8108,4.789,229.84709480122325,255.11722731906215,0.0,1.4709,-1.07698,2.148
16,chamber,2.0,3000000.0,2545.0991355452534,2.269781151512127,0.4405711093925512,-2124450.840162332,-3446164.1683399854,-38446152.84864453,14271.232700214943,16.01037923341637,2959.4145242578365,2687.902955102123,1.1010124151395926,0.5501157969363458,852.6988805269067,0.0,0.0,,,,1828.998515965905,,1.0229324054333961,-2.001419376195429,2.0,30.0,2545.1,2.2698,0.4405674508767292,-2124500.0,0,0,0,16.01,2957.7,2414.945827589328,1.2247479700000001,1.2235,1271.7,0.0,0.0,,0.0,0.0,1757.1,0.0,-1.00102,1.0228
16,throat,2.0,2292807.320170008,2423.6823897434256,1.8229157749033598,0.5485716969304377,-2471136.4695323273,-3728905.6718925186,-37060071.84629076,14271.232700758315,16.02171256060629,2863.174172244711,2595.6710877305986,1.1030573888111497,0.5512506562282291,832.6740647964914,832.6740647964914,1.0,,,,,,1.0156083592954612,-2.0010087540910995,2.0,16.726,2285.1,1.4112,0.7086167800453514,-2856400.0,0,0,0,16.03,2771.9,2243.60087296382,1.2354693,1.235,1209.8,921.22,1.0,1.0,123.32313965341487,223.190621814475,0.0,0.68855,-1.00038,1.0094
16,exit,2.0,101325.000000056,1305.9036462151223,0.1497134505462239,6.679426573574636,-5408142.113421706,-6084935.01098953,-24044996.932619356,14271.232700216835,16.043145677777357,2559.6616982635173,2300.4184913087574,1.1126939328362253,0.5563575737100787,613.6276186703532,2562.6904898014404,4.17629587037565,3.9562585320909904,261.3217041294877,288.25186573988617,,1.4011441056025506,1.0002123701026997,-1.9999618687963738,2.0,1.0132,1305.8,0.14972,6.6791343841838104,-5408100.0,0,0,0,16.043,2559.8,2041.266989652233,1.25402508,1.254,921.22,2562.649796,2.7818,4.4499,261.22324159021406,288.14475025484194,0.0,1.4584,-1.00002,1.0002
17,chamber,2.5,3000000.0,3114.5490112204648,2.1297972702043637,0.46952825698008593,-1878903.450599519,-3287488.221539777,-44187357.462099224,13584.134929031265,18.384268991430837,4208.56270389748,3890.9591688643723,1.0816260261928692,0.5417166243114058,873.5294998854997,0.0,0.0,,,,1900.5193888758276,,1.184135051466611,-1.996663897047207,2.5,30.0,3115.2,2.1294,0.46961585423123886,-1878900.0,0,0,0,18.385,4200.0,3572.6389183045612,1.175601592,1.1647,1280.9,0.0,0.0,,0.0,0.0,1847.4,0.0,-1.00936,1.1832
17,throat,2.5,2300390.960834062,3009.3759264830087,1.696149481736287,0.5895706780373721,-2245958.7245609635,-3602201.7830909435,-43125727.36197561,13584.134928995041,18.449011397583607,3943.8496044494923,3644.8936303559576,1.0820204934387452,0.541264699532307,856.7884753940184,856.7884753940184,1.0,,,,,,1.1515583969290504,-1.9990597841937436,2.5,17.084,2891.9,1.3154,0.7602250266078759,-2641000.0,0,0,0,18.513,3656.7,3098.5870283844533,1.18011854,1.1735,1234.6,994.55,1.0,1.0,125.8511722731906,233.0886850152905,0.0,0.66828,-1.00564,1.118
17,exit,2.5,101325.00001897367,1816.12236931515,0.12557950078108934,7.963083097003258,-5586757.986052721,-6393617.381007665,-30257209.29872704,13584.134929177384,18.714638069630354,2418.116369893936,2195.195409634778,1.1015494836043984,0.5507353212041954,666.6078067703182,2723.1799556596334,4.085130609035777,4.249547090992513,277.6870751642644,307.90056159820637,,1.432860917704405,1.0017967457319565,-2.000143156236711,2.5,1.0132,1815.9,0.12559,7.962417389919579,-5586900.0,0,0,0,18.714,2417.9,1972.0676465774206,1.22607356,1.226,994.55,2723.1773550000003,2.7381,4.7482,277.59429153924566,307.79816513761466,0.0,1.4741,-1.00006,1.0018
18,chamber,3.0,3000000.000000005,3372.362597587019,2.167957622184565,0.4612636288491375,-1694742.9065850468,-3078533.7931324616,-45370518.3752266,12951.091172666987,20.26273118654093,6647.326019850877,6128.501787435601,1.0846575966542016,0.5721247989250926,889.7758609449436,0.0,0.0,,,,1881.7781759386746,,1.5482567061295378,-1.8958409051522587,3.0,30.0,3373.8,2.1673,0.461403589719928,-1694800.0,0,0,0,20.265,6632.1,5678.986544986567,1.1678316100000001,1.1345,1253.2,0.0,0.0,,0.0,0.0,1851.6,0.0,-1.02938,1.5465
18,throat,3.0,2269907.2147850837,3283.4917956900745,1.6953623477213866,0.5898444078010977,-2074346.7668585817,-3413238.8437269283,-44599148.377522215,12951.091172660115,20.390343825271913,6389.218187361941,5905.407430061302,1.0819267363057483,0.5670299709353499,871.3162086362383,871.3162086362383,1.0,,,,,,1.5046270368813546,-1.9080591710541248,3.0,17.329,3200.3,1.3359,0.7485590238790328,-2430300.0,0,0,0,20.512,6092.4,5250.055478722952,1.16044488,1.134,1212.9,1029.0,1.0,1.0,123.63914373088686,232.6605504587156,0.0,0.65503,-1.02332,1.4581
18,exit,3.0,101325.0000060423,2303.802536875689,0.11278936577242078,8.8660840776225,-5536676.428450603,-6435032.397669274,-35373433.127394155,12951.091172686523,21.3221492690911,2774.0244378428156,2561.672957595144,1.0828956247588386,0.541330326020609,697.3573902237672,2771.978903911628,3.974976020576994,4.724765423561696,282.6631830351474,315.7106259825111,,1.473063583877999,1.043729994377551,-2.0004340653134065,3.0,1.0132,2303.6,0.1128,8.865248226950355,-5537300.0,0,0,0,21.322,2770.3,2346.452996351276,1.1806330680000001,1.1787,1029.0,2772.2289,2.6941,5.1814,282.5891946992864,315.6167176350662,0.0,1.4972,-1.00164,1.0434
19,chamber,3.5,3000000.000000004,3443.6320925234386,2.2726094111326716,0.4400228191880974,-1551506.9280191464,-2871575.3855834403,-44275641.82460984,12406.70714776709,21.689746573286662,8127.533116730615,7384.374417807122,1.100639357767585,0.6427308586885809,921.1127690234292,0.0,0.0,,,,1828.0873265721584,,1.822044051417806,-1.7124420632507271,3.5,30.0,3445.4,2.2718,0.44017959327405587,-1551500.0,0,0,0,21.693,8112.8,6897.388283623966,1.176213324,1.1258,1219.3,0.0,0.0,,0.0,0.0,1814.5,0.0,-1.04478,1.8204
19,throat,3.5,2192427.171720274,3352.706513379691,1.7196140070143073,0.581525851685901,-1958351.5886514194,-3233304.6669453625,-43554399.45252917,12406.70714775655,21.864297164909047,8070.645389431538,7355.179043385101,1.0972738177855634,0.6382198329752741,902.0534023438258,902.0534023438258,1.0,,,,,,1.7985297814888437,-1.719272515663226,3.5,17.403,3289.6,1.3995,0.7145409074669525,-2249300.0,0,0,0,21.995,7996.8,6848.549190503592,1.167663366,1.1223,1181.4,1015.4,1.0,1.0,120.42813455657493,227.72680937818552,0.0,0.65106,-1.04042,1.7778
19,exit,3.5,101325.00001482187,2598.317019166225,0.10981699526084966,9.106058653532521,-5302120.690964654,-6224792.084168806,-37538679.02476445,12406.707147746043,23.414196955804922,5699.467990759258,5329.420953815771,1.0694347547604661,0.5750957551978856,728.4397035268099,2738.836892896511,3.7598676728302594,5.157360585916616,279.2836384388666,313.6362857689728,,1.4981980636735208,1.392060378307431,-1.8595768532363497,3.5,1.0132,2598.9,0.1098,9.107468123861567,-5303200.0,0,0,0,23.416,5683.8,5007.860582486522,1.134975686,1.1173,1015.4,2739.24458,2.6977,5.4971,279.2252803261977,313.5677879714577,0.0,1.5096,-1.01582,1.3904
20,chamber,4.0,3000000.000000007,3442.376376876284,2.3928872179381937,0.4179051952400998,-1436918.145199956,-2690633.7309202584,-42559161.53405668,11945.888214051794,22.829348242255143,8153.398954762665,7335.048443946758,1.1115671582907198,0.7073310357036521,941.6963118359082,0.0,0.0,,,,1775.112755865996,,1.879125730237102,-1.5714949608918745,4.0,30.0,3444.2,2.392,0.4180602006688963,-1436900.0,0,0,0,22.833,8140.000000000001,6914.320649491461,1.177266779,1.1237,1187.1,0.0,0.0,,0.0,0.0,1769.7,0.0,-1.04767,1.8776
20,throat,4.0,2121999.1231751223,3344.6757399887524,1.757671852439116,0.5689344109438306,-1862907.3520584204,-3070185.6732253837,-41818029.85417048,11945.888214038478,23.03460678652787,8156.320272896547,7359.614288680123,1.1082537688750678,0.7056940127756187,923.0217131797749,923.0217131797749,1.0,,,,,,1.8618030637279803,-1.5704451912750552,4.0,17.419,3292.6,1.4733,0.6787483879725785,-2098900.0,0,0,0,23.155,8135.099999999999,6958.734290788429,1.1690488039999998,1.1198,1150.7,990.97,1.0,1.0,117.28848114169213,222.0387359836901,0.0,0.6502,-1.04398,1.8494
20,exit,4.0,101325.0000000262,2639.71405392126,0.11420333638236695,8.756311607673842,-5014008.7578506945,-5901242.031498475,-36547737.76305541,11945.888214051736,24.737354285311696,7195.64803921584,6636.418987491245,1.0842666885226304,0.6944373583458375,784.9381700417523,2674.7301219565084,3.407567913042418,5.311179202983883,272.7465670699483,306.57151809603926,,1.506794491289445,1.6117805618034349,-1.561359963561542,4.0,1.0132,2640.6,0.11418,8.758101243650376,-5015100.0,0,0,0,24.74,7183.5,6333.114323158081,1.134276066,1.1066,990.97,2675.123515,2.6995,5.5501,272.69113149847095,306.50356778797146,0.0,1.5116,-1.02501,1.6105
21,chamber,1.0,3500000.0000000065,1220.182004874222,4.581571467342434,0.21826572108020734,-2983866.710594467,-3747796.734375194,-20644371.499120828,14473.664353332952,13.280218542349091,13138.51440536404,11157.837581165828,1.1775143982684915,0.659559710391263,709.8291803272158,0.0,0.0,,,,1356.9208494997592,,2.3765578056466357,-1.7853037105161687,1.0,35.0,1222.0,4.5729,0.21867961249972667,-2984000.0,0,0,0,13.208,13878.0,10688.391763300726,1.298417976,1.1604,942.4,0.0,0.0,,0.0,0.0,1367.9,0.0,-1.11894,2.387
21,throat,1.0,2538907.766104707,1177.5112600582522,3.4851620271321826,0.28693070572184126,-3223347.180080684,-3951837.777171771,-20266249.93043289,14473.66435333203,13.43925836970647,13984.767107869935,11899.626468693494,1.1752274026972358,0.6574780762979444,692.0741263597339,692.0741263597339,1.0,,,,,,2.4544746569043343,-1.7874777046781203,1.0,20.108,1153.6,2.8302,0.3533319200056533,-3392600.0,0,0,0,13.111,15368.0,11914.1249225954,1.289897504,1.1504,904.06,749.13,1.0,1.0,92.15698267074413,172.26299694189603,0.0,0.66092,-1.12126,2.5077
21,exit,1.0,101325.0000439806,877.1243041811123,0.20932704810295608,4.777213499462128,-5132138.39252128,-5616189.550564385,-17827341.167627927,14473.664353604876,15.066211736938149,20497.371597194393,17844.88994772099,1.1486409642897326,0.6454829831058259,558.9693958254718,2072.8104987802494,3.708271891557096,5.5589227367707865,211.36784720370866,235.1806759134969,,1.5275839409088667,2.9245623611379092,-1.7795061904852956,1.0,1.0133,883.75,0.20294,4.927564797477086,-5172400.0,0,0,0,12.669,17857.0,14369.712711001892,1.2426831600000001,1.124,749.13,2092.095351,2.7927,6.0266,213.26197757390415,237.5840978593272,0.0,1.5294,-1.10559,2.6123
22,chamber,1.5,3500000.000000007,1669.4470650196315,3.3728291131409343,0.29648700436790104,-2468217.187704815,-3505921.7029924705,-27033200.727652572,14714.442916259155,13.376211638862943,2850.0021666105117,2533.405552102259,1.124968785295957,0.5630109648891671,764.3552972420277,0.0,0.0,,,,1607.9071602063646,,1.0088217014459873,-1.9981294423234108,1.5,35.0,1669.3,3.373,0.2964719833975689,-2468300.0,0,0,0,13.376,2851.3,2219.084898278951,1.2848990150000001,1.2835,1154.1,0.0,0.0,,0.0,0.0,1533.5,0.0,-1.00109,1.0091
22,throat,1.5,2662728.9428785243,1571.9807697400627,2.7259683059527755,0.3668421227848729,-2743530.666104359,-3720331.8039106377,-25874351.96788298,14714.442916247286,13.38058980542631,2869.896267202723,2549.3393064696475,1.1257411910292106,0.5637124884012211,742.0478421678223,742.0478421678223,1.0,,,,,,1.0149942746469116,-1.997013041563072,1.5,19.22,1463.9,2.1146,0.47290267662914975,-3050800.0,0,0,0,13.391,2960.0,2301.6571449339663,1.2860299400000001,1.2818,1079.4,794.86,1.0,1.0,110.03058103975536,195.86136595310907,0.0,0.70388,-1.0033,1.0314
22,exit,1.5,101325.00000001112,951.720913051351,0.1841827057588303,5.429391407190014,-5101369.631834112,-5651502.7161677005,-19105412.67908918,14714.442916207588,14.383879428130943,13673.289728944186,12120.17839828889,1.128142613055478,0.6070211802650683,577.8775252205586,2294.8431075475714,3.9711582599992936,4.785759395028453,234.00887230069102,258.45410010495493,,1.4272236384923138,2.234612882362728,-1.8584897030493253,1.5,1.0133,952.32,0.18412,5.431240495329133,-5101900.0,0,0,0,14.388,13681.0,11009.46948282088,1.242657516,1.1481,794.86,2294.9992780000002,2.8873,5.4014,233.94495412844034,258.38939857288483,0.0,1.4966,-1.08236,2.2367
23,chamber,2.0,3499999.9999999944,2546.6283391768716,2.6468566517348395,0.3778066331414533,-2124450.8401249903,-3446774.056120075,-38264125.3950203,14191.185262069484,16.01261013365924,2940.911642177435,2670.2589140850346,1.101358234089124,0.5503152292095667,853.0501765426617,0.0,0.0,,,,1829.2097166732076,,1.0213596879024878,-2.0013224705248227,2.0,35.0,2546.6,2.6468,0.37781471966147806,-2124500.0,0,0,0,16.012,2939.2999999999997,2398.3259679847756,1.22556318,1.2244,1272.4,0.0,0.0,,0.0,0.0,1757.1,0.0,-1.00095,1.0212
23,throat,2.0,2674789.1712236577,2424.6323108139777,2.125979419326761,0.4703714395865001,-2471341.069612153,-3729485.502671006,-36879747.38607299,14191.185262605663,16.023211788186092,2849.7446464905747,2582.834726306827,1.1033399146547018,0.5514113951122182,832.9196702477694,832.9196702477694,1.0,,,,,,1.0145112051911498,-2.000937819629499,2.0,19.51,2285.5,1.6459,0.6075703262652652,-2856800.0,0,0,0,16.031,2763.2,2235.6985884110454,1.2359447799999999,1.2355,1210.2,906.54,1.0,1.0,123.36391437308869,223.2110091743119,0.0,0.68873,-1.00036,1.0087
23,exit,2.0,101325.0000001122,1265.7681465662959,0.15446209721546997,6.474080166120173,-5511060.5984432995,-6167046.771276153,-23473810.86519452,14191.185262071534,16.04329843177376,2569.514515568574,2310.158647805285,1.112267557039723,0.5561549595003948,604.011558982669,2602.5409730946826,4.308760212268318,4.404967127176548,265.3853225204002,291.0878856247516,,1.422767957863211,1.000424929375895,-1.9999238306512543,2.0,1.0133,1265.6,0.15447,6.473748948015796,-5511000.0,0,0,0,16.043,2569.7000000000003,2050.9196393258485,1.252950116,1.2529,906.54,2602.495032,2.8708,4.9548,265.2905198776758,290.9785932721712,0.0,1.4811,-1.00004,1.0004
24,chamber,2.5,3500000.000000003,3123.9083838118836,2.4794871266239937,0.40330921232149103,-1878903.4491452118,-3290485.6922704317,-44096805.34484622,13514.449435993223,18.400358609098287,4116.873065976967,3804.7835340854554,1.08202556836562,0.5418499295207534,874.5660289252878,0.0,0.0,,,,1902.2816654067628,,1.1743969184224772,-1.99691004725724,2.5,35.0,3124.6,2.4791,0.40337219152111653,-1878900.0,0,0,0,18.401,4108.7,3491.8078666490446,1.176668407,1.1663,1283.2,0.0,0.0,,0.0,0.0,1848.4,0.0,-1.00889,1.1735
24,throat,2.5,2683644.2309327377,3017.0660348053484,1.9751701919703275,0.5062854857091843,-2246755.9366834937,-3605446.0596119254,-43020742.30900256,13514.449435956636,18.462843248482386,3863.0492691455347,3568.6957001934256,1.0824821149464088,0.5414632693954192,857.7183663977894,857.7183663977894,1.0,,,,,,1.1431223494213159,-1.99917921700409,2.5,19.92,2897.6,1.5316,0.6529119874640898,-2643200.0,0,0,0,18.524,3588.2999999999997,3037.1947447882235,1.181452064,1.1752,1236.3,980.8,1.0,1.0,126.02446483180427,233.26197757390418,0.0,0.66884,-1.00532,1.111
24,exit,2.5,101325.00001433422,1764.3726749738896,0.12926827147435363,7.735850325796276,-5711505.387371392,-6495340.421743587,-29556030.689794064,13514.449436129209,18.715431190583466,2403.603966418643,2180.963005984975,1.1020837858426296,0.5510160164034764,657.1952968161359,2768.6104594999206,4.212766696464198,4.733642284424092,282.3196972972341,311.1893885892599,,1.4554156252711985,1.0011762869653633,-2.000093922924445,2.5,1.0133,1764.2,0.12928,7.735148514851485,-5711600.0,0,0,0,18.715,2403.5,1958.126009324952,1.2274490960000002,1.2274,980.8,2768.6022399999997,2.8228,5.2902,282.2222222222222,311.0805300713557,0.0,1.4979,-1.00004,1.0012
25,chamber,3.0,3499999.9999999995,3389.905468276851,2.520419734039693,0.39675931214727245,-1694742.9063987187,-3083400.4989141724,-45383475.66546067,12887.891172159943,20.296754539760656,6480.706834170026,5975.870202244462,1.0844791829206655,0.5712961179492152,890.693376962455,0.0,0.0,,,,1885.1984813824706,,1.5295075005518763,-1.898278578915653,3.0,35.0,3391.3,2.5196,0.3968883949833307,-1694800.0,0,0,0,20.299,6465.8,5536.49682158133,1.1678503949999999,1.1355,1255.9,0.0,0.0,,0.0,0.0,1854.2,0.0,-1.02849,1.5278
25,throat,3.0,2649337.0741912164,3299.6600956072607,1.9721664317419705,0.5070565972044876,-2075075.3957687053,-3418439.237455797,-44600735.61304907,12887.891172152402,20.42253905173138,6225.776509590684,5755.020685856202,1.081799154065846,0.5662269344322708,872.1518158587071,872.1518158587071,1.0,,,,,,1.4863246568673858,-1.9105399059663513,3.0,20.209,3214.8,1.5532,0.6438320885912954,-2433300.0,0,0,0,20.543,5932.1,5111.110502819947,1.160628399,1.1351,1215.3,1018.9,1.0,1.0,123.88379204892965,233.01732925586137,0.0,0.65542,-1.02249,1.4402
25,exit,3.0,101325.00000393728,2250.682472231706,0.11555267617819505,8.654061793063875,-5680604.409708089,-6557477.22092436,-34687155.17495356,12887.891172175649,21.34085472982904,2650.1093867743944,2442.696409796565,1.0849114839429035,0.5422582621184675,689.5589363564727,2823.4239863362254,4.094536141108953,5.272050282375243,287.90912149778217,319.5785210144419,,1.497679960078117,1.0320502393487776,-2.0007283608818156,3.0,1.0133,2250.4,0.11556,8.653513326410524,-5681200.0,0,0,0,21.341,2647.3,2233.0714194375882,1.185497238,1.1841,1018.9,2823.47379,2.7711,5.7847,287.82874617737,319.48012232415897,0.0,1.5228,-1.00118,1.0318
26,chamber,3.5,3500000.0000000084,3464.238258754571,2.6408952926476177,0.3786594655168833,-1551506.9262655163,-2876815.0555746113,-44326794.31183552,12347.674781742106,21.733270071924167,7960.346688382846,7233.870282330293,1.1004270712217594,0.6422191122352623,922.5715203945236,0.0,0.0,,,,1831.8414262038025,,1.8038284109301115,-1.7134760555345216,3.5,35.0,3466.0,2.64,0.3787878787878788,-1551500.0,0,0,0,21.737,7945.9,6755.6740847888705,1.1761816660000002,1.1266,1222.1,0.0,0.0,,0.0,0.0,1817.7,0.0,-1.04401,1.8022
26,throat,3.5,2558618.7353020804,3372.0609965706963,1.999186302089504,0.5002035072743459,-1959536.7052607054,-3239366.770436657,-43596649.23507627,12347.67478173126,21.906717043926516,7903.858022606742,7204.542375151985,1.0970659357722226,0.6376400207268569,903.3664092081623,903.3664092081623,1.0,,,,,,1.7804786129391252,-1.7205098489923172,3.5,20.299,3307.8,1.6265,0.6148170919151552,-2252300.0,0,0,0,22.037,7830.5,6706.782542076741,1.1675494100000001,1.123,1183.9,1009.0,1.0,1.0,120.6829765545362,228.14475025484197,0.0,0.65131,-1.03967,1.7598
26,exit,3.5,101325.00000673575,2570.5854415050117,0.11144123429777755,8.973339233913553,-5454695.227204317,-6363918.82514105,-37195448.257589996,12347.674781742435,23.506909201062747,5307.184072450714,4966.216605512158,1.0686573893213005,0.5694327367638078,719.5426892849025,2793.9893703945263,3.8830070988161314,5.8002477202083025,284.90762598792924,318.09136153827814,,1.5252353890612798,1.3450399224191407,-1.8767052196448684,3.5,1.0133,2571.1,0.11143,8.974243919949744,-5455700.0,0,0,0,23.509,5291.9,4662.119137511607,1.135084678,1.1197,1009.0,2794.2237,2.7693,6.1841,284.85219164118246,318.0224260958206,0.0,1.5373,-1.01374,1.3434
27,chamber,4.0,3500000.0000000084,3463.2523572019263,2.780542559703736,0.359642040547133,-1436918.1451411392,-2695665.2870561075,-42614308.63097159,11889.803640846721,22.875986210685426,7996.401508772705,7194.306414446668,1.1114902602306977,0.7076012575984428,943.764303530006,0.0,0.0,,,,1778.7162728081153,,1.8618482600932782,-1.570786157168559,4.0,35.0,3465.0,2.7795,0.3597769382982551,-1436900.0,0,0,0,22.88,7983.3,6782.063526128619,1.1771196140000002,1.1243,1189.8,0.0,0.0,,0.0,0.0,1772.8,0.0,-1.04698,1.8604
27,throat,4.0,2475429.915505443,3364.138001600895,2.0426153597059624,0.48956843257261684,-1864693.9902894944,-3076586.3339668596,-41863634.249991596,11889.803640833929,23.080432682447857,8000.014849157908,7219.036099666272,1.108183244786342,0.7059556950031486,924.9552971629217,924.9552971629217,1.0,,,,,,1.8447671467027211,-1.5697631630854674,4.0,20.318,3311.3,1.7121,0.5840780328251854,-2101800.0,0,0,0,23.2,7979.5,6825.751106032365,1.169028855,1.1205,1153.1,984.87,1.0,1.0,117.5433231396534,222.44648318042812,0.0,0.65043,-1.04331,1.8325
27,exit,4.0,101325.0000000158,2618.8731004670817,0.11565728004232254,8.646234803672275,-5161474.081609965,-6037553.823092195,-36299361.005497746,11889.803640479668,24.854498357284857,6956.894155854492,6421.381300160782,1.0833952744217668,0.6943297053072617,779.9283228149999,2729.306115652411,3.4994319808793586,5.985247504900552,278.3117696310576,311.0436318112461,,1.5344246619746553,1.5804507051429275,-1.5603470024983763,4.0,1.0133,2619.7,0.11563,8.648274669203493,-5162600.0,0,0,0,24.857,6945.2,6130.3360047032465,1.1329232189999998,1.1069,984.87,2729.665692,2.7716,6.2546,278.2568807339449,310.9785932721712,0.0,1.5397,-1.02351,1.5792
